student_id,email,week,engagement_score,time_spent_min,interactions,quiz_score,submissions,logins,anomaly,engagement_label
ETU001,karim.ouali1@etu.uca.ma,1,56.3,87,4,47.3,4,9,0,Modéré
ETU001,karim.ouali1@etu.uca.ma,2,50.9,169,12,55.3,1,9,0,Modéré
ETU001,karim.ouali1@etu.uca.ma,3,55.5,48,4,73.9,5,7,0,Modéré
ETU001,karim.ouali1@etu.uca.ma,4,53.3,172,14,67.0,4,14,0,Modéré
ETU001,karim.ouali1@etu.uca.ma,5,61.4,49,21,91.9,2,13,0,Modéré
ETU001,karim.ouali1@etu.uca.ma,6,49.2,131,5,61.8,5,12,0,Modéré
ETU001,karim.ouali1@etu.uca.ma,7,52.9,65,16,93.9,5,5,0,Modéré
ETU001,karim.ouali1@etu.uca.ma,8,59.4,70,4,56.2,1,9,0,Modéré
ETU001,karim.ouali1@etu.uca.ma,9,72.2,20,19,52.7,0,2,0,Engagé
ETU001,karim.ouali1@etu.uca.ma,10,72.4,98,7,34.1,4,2,0,Engagé
ETU001,karim.ouali1@etu.uca.ma,11,52.7,37,24,67.3,1,3,0,Modéré
ETU001,karim.ouali1@etu.uca.ma,12,65.7,62,8,66.9,4,7,0,Engagé
ETU002,amine.mekouar2@etu.uca.ma,1,88.6,71,22,51.8,5,11,0,Engagé
ETU002,amine.mekouar2@etu.uca.ma,2,85.2,135,3,47.4,0,6,0,Engagé
ETU002,amine.mekouar2@etu.uca.ma,3,80.2,170,7,30.5,5,11,0,Engagé
ETU002,amine.mekouar2@etu.uca.ma,4,75.4,28,27,53.1,4,4,0,Engagé
ETU002,amine.mekouar2@etu.uca.ma,5,83.1,158,4,80.6,4,10,0,Engagé
ETU002,amine.mekouar2@etu.uca.ma,6,90.9,124,6,36.6,5,7,0,Engagé
ETU002,amine.mekouar2@etu.uca.ma,7,83.2,33,21,75.7,5,2,0,Engagé
ETU002,amine.mekouar2@etu.uca.ma,8,88.1,47,7,43.4,4,8,0,Engagé
ETU002,amine.mekouar2@etu.uca.ma,9,75.4,138,7,91.2,0,8,0,Engagé
ETU002,amine.mekouar2@etu.uca.ma,10,100.0,45,1,75.7,4,14,0,Engagé
ETU002,amine.mekouar2@etu.uca.ma,11,70.3,80,5,58.4,3,4,0,Engagé
ETU002,amine.mekouar2@etu.uca.ma,12,70.0,62,12,30.2,3,5,0,Engagé
ETU003,nour.benbrahim3@etu.uca.ma,1,83.7,162,21,80.3,1,4,0,Engagé
ETU003,nour.benbrahim3@etu.uca.ma,2,82.7,168,23,68.0,5,6,0,Engagé
ETU003,nour.benbrahim3@etu.uca.ma,3,78.8,148,29,89.7,1,1,0,Engagé
ETU003,nour.benbrahim3@etu.uca.ma,4,82.5,67,2,71.7,5,14,0,Engagé
ETU003,nour.benbrahim3@etu.uca.ma,5,75.1,165,7,70.5,0,10,0,Engagé
ETU003,nour.benbrahim3@etu.uca.ma,6,82.6,164,16,52.1,2,4,0,Engagé
ETU003,nour.benbrahim3@etu.uca.ma,7,82.3,87,12,39.2,5,5,0,Engagé
ETU003,nour.benbrahim3@etu.uca.ma,8,94.8,38,0,62.1,4,2,0,Engagé
ETU003,nour.benbrahim3@etu.uca.ma,9,73.4,87,4,95.3,0,4,0,Engagé
ETU003,nour.benbrahim3@etu.uca.ma,10,74.4,159,22,51.2,5,9,0,Engagé
ETU003,nour.benbrahim3@etu.uca.ma,11,92.0,96,29,76.4,1,5,0,Engagé
ETU003,nour.benbrahim3@etu.uca.ma,12,72.1,161,4,49.1,4,4,0,Engagé
ETU004,sara.tazi4@etu.uca.ma,1,67.4,87,16,64.2,0,2,0,Modéré
ETU004,sara.tazi4@etu.uca.ma,2,73.8,31,0,53.3,1,11,0,Engagé
ETU004,sara.tazi4@etu.uca.ma,3,72.7,133,17,79.4,4,1,0,Engagé
ETU004,sara.tazi4@etu.uca.ma,4,72.9,58,17,32.5,2,10,0,Engagé
ETU004,sara.tazi4@etu.uca.ma,5,71.4,30,9,55.5,0,6,0,Engagé
ETU004,sara.tazi4@etu.uca.ma,6,65.1,46,11,84.6,3,10,0,Modéré
ETU004,sara.tazi4@etu.uca.ma,7,84.4,80,27,41.4,1,7,0,Engagé
ETU004,sara.tazi4@etu.uca.ma,8,74.4,105,25,95.2,5,14,0,Engagé
ETU004,sara.tazi4@etu.uca.ma,9,69.5,60,25,79.1,3,14,0,Engagé
ETU004,sara.tazi4@etu.uca.ma,10,69.0,71,26,94.3,2,5,0,Engagé
ETU004,sara.tazi4@etu.uca.ma,11,90.4,77,0,76.2,3,6,0,Engagé
ETU004,sara.tazi4@etu.uca.ma,12,62.6,91,11,74.9,3,11,0,Modéré
ETU005,youssef.idrissi5@etu.uca.ma,1,86.1,49,28,97.9,1,10,0,Engagé
ETU005,youssef.idrissi5@etu.uca.ma,2,88.2,47,19,60.4,5,13,0,Engagé
ETU005,youssef.idrissi5@etu.uca.ma,3,84.6,150,3,57.0,4,4,0,Engagé
ETU005,youssef.idrissi5@etu.uca.ma,4,86.0,20,16,94.8,4,11,0,Engagé
ETU005,youssef.idrissi5@etu.uca.ma,5,92.3,70,11,60.2,5,6,0,Engagé
ETU005,youssef.idrissi5@etu.uca.ma,6,91.1,51,23,93.0,4,5,0,Engagé
ETU005,youssef.idrissi5@etu.uca.ma,7,85.5,95,17,38.9,3,11,0,Engagé
ETU005,youssef.idrissi5@etu.uca.ma,8,96.6,64,19,69.8,3,9,0,Engagé
ETU005,youssef.idrissi5@etu.uca.ma,9,86.5,73,13,85.0,4,11,0,Engagé
ETU005,youssef.idrissi5@etu.uca.ma,10,85.4,74,16,63.1,5,3,0,Engagé
ETU005,youssef.idrissi5@etu.uca.ma,11,83.9,178,10,36.5,1,11,0,Engagé
ETU005,youssef.idrissi5@etu.uca.ma,12,79.0,57,0,33.2,3,10,0,Engagé
ETU006,leila.hajji6@etu.uca.ma,1,72.7,167,6,80.3,3,8,0,Engagé
ETU006,leila.hajji6@etu.uca.ma,2,74.6,21,28,82.6,0,13,0,Engagé
ETU006,leila.hajji6@etu.uca.ma,3,74.6,152,14,33.5,1,14,0,Engagé
ETU006,leila.hajji6@etu.uca.ma,4,70.5,138,21,67.2,4,10,0,Engagé
ETU006,leila.hajji6@etu.uca.ma,5,81.2,133,19,87.1,4,7,0,Engagé
ETU006,leila.hajji6@etu.uca.ma,6,83.9,60,23,90.3,3,5,0,Engagé
ETU006,leila.hajji6@etu.uca.ma,7,89.9,90,24,84.4,3,11,0,Engagé
ETU006,leila.hajji6@etu.uca.ma,8,76.7,93,7,49.0,2,9,0,Engagé
ETU006,leila.hajji6@etu.uca.ma,9,67.6,118,22,40.7,1,2,0,Modéré
ETU006,leila.hajji6@etu.uca.ma,10,75.8,139,13,34.4,3,7,0,Engagé
ETU006,leila.hajji6@etu.uca.ma,11,89.1,25,27,91.6,4,7,0,Engagé
ETU006,leila.hajji6@etu.uca.ma,12,63.3,96,24,57.3,3,9,0,Modéré
ETU007,omar.ziani7@etu.uca.ma,1,72.4,76,15,45.4,3,8,0,Engagé
ETU007,omar.ziani7@etu.uca.ma,2,66.4,123,23,41.6,3,3,0,Modéré
ETU007,omar.ziani7@etu.uca.ma,3,77.7,120,18,69.5,0,2,0,Engagé
ETU007,omar.ziani7@etu.uca.ma,4,70.2,138,5,33.5,3,6,0,Engagé
ETU007,omar.ziani7@etu.uca.ma,5,68.1,117,8,82.6,3,5,0,Engagé
ETU007,omar.ziani7@etu.uca.ma,6,76.9,158,1,100.0,2,4,0,Engagé
ETU007,omar.ziani7@etu.uca.ma,7,82.0,30,24,32.2,1,4,0,Engagé
ETU007,omar.ziani7@etu.uca.ma,8,81.4,81,4,63.1,0,10,0,Engagé
ETU007,omar.ziani7@etu.uca.ma,9,79.1,85,24,55.8,4,10,0,Engagé
ETU007,omar.ziani7@etu.uca.ma,10,87.3,61,30,51.8,4,1,0,Engagé
ETU007,omar.ziani7@etu.uca.ma,11,83.4,116,12,95.9,1,2,0,Engagé
ETU007,omar.ziani7@etu.uca.ma,12,75.2,82,3,78.8,2,14,0,Engagé
ETU008,hind.benali8@etu.uca.ma,1,72.1,164,25,32.9,4,7,0,Engagé
ETU008,hind.benali8@etu.uca.ma,2,67.7,107,0,89.5,3,2,0,Modéré
ETU008,hind.benali8@etu.uca.ma,3,67.2,137,22,40.7,1,12,0,Modéré
ETU008,hind.benali8@etu.uca.ma,4,71.7,177,25,94.4,3,8,0,Engagé
ETU008,hind.benali8@etu.uca.ma,5,73.0,88,10,89.6,0,5,0,Engagé
ETU008,hind.benali8@etu.uca.ma,6,69.8,138,18,72.7,3,6,0,Engagé
ETU008,hind.benali8@etu.uca.ma,7,73.8,66,15,44.8,2,6,0,Engagé
ETU008,hind.benali8@etu.uca.ma,8,71.7,90,17,30.7,1,2,0,Engagé
ETU008,hind.benali8@etu.uca.ma,9,67.0,162,24,46.8,3,11,0,Modéré
ETU008,hind.benali8@etu.uca.ma,10,73.2,24,2,50.6,3,12,0,Engagé
ETU008,hind.benali8@etu.uca.ma,11,76.0,114,15,68.7,2,7,0,Engagé
ETU008,hind.benali8@etu.uca.ma,12,71.2,110,22,61.8,2,5,0,Engagé
ETU009,mehdi.fassi9@etu.uca.ma,1,44.8,157,30,83.4,1,4,0,Modéré
ETU009,mehdi.fassi9@etu.uca.ma,2,40.7,170,24,66.7,2,2,0,Modéré
ETU009,mehdi.fassi9@etu.uca.ma,3,45.7,112,5,51.2,5,9,0,Modéré
ETU009,mehdi.fassi9@etu.uca.ma,4,35.5,33,17,50.4,1,11,0,À risque
ETU009,mehdi.fassi9@etu.uca.ma,5,48.7,23,18,49.9,3,8,0,Modéré
ETU009,mehdi.fassi9@etu.uca.ma,6,52.5,84,30,90.3,0,14,0,Modéré
ETU009,mehdi.fassi9@etu.uca.ma,7,41.7,167,20,78.1,1,3,0,Modéré
ETU009,mehdi.fassi9@etu.uca.ma,8,60.6,41,7,38.3,3,10,0,Modéré
ETU009,mehdi.fassi9@etu.uca.ma,9,51.3,153,12,61.5,3,5,0,Modéré
ETU009,mehdi.fassi9@etu.uca.ma,10,66.0,98,18,73.5,4,12,0,Modéré
ETU009,mehdi.fassi9@etu.uca.ma,11,52.8,180,6,48.5,0,3,0,Modéré
ETU009,mehdi.fassi9@etu.uca.ma,12,58.8,60,0,58.6,5,10,0,Modéré
ETU010,rania.rochdi10@etu.uca.ma,1,51.0,92,22,90.2,0,11,0,Modéré
ETU010,rania.rochdi10@etu.uca.ma,2,52.8,180,18,76.3,1,7,0,Modéré
ETU010,rania.rochdi10@etu.uca.ma,3,51.0,58,29,48.6,1,2,0,Modéré
ETU010,rania.rochdi10@etu.uca.ma,4,57.0,172,23,87.7,2,8,0,Modéré
ETU010,rania.rochdi10@etu.uca.ma,5,57.4,123,30,49.1,4,8,0,Modéré
ETU010,rania.rochdi10@etu.uca.ma,6,60.0,130,23,52.6,2,1,0,Modéré
ETU010,rania.rochdi10@etu.uca.ma,7,65.0,167,18,96.6,5,14,0,Modéré
ETU010,rania.rochdi10@etu.uca.ma,8,46.5,64,15,66.3,3,5,0,Modéré
ETU010,rania.rochdi10@etu.uca.ma,9,59.5,145,2,62.9,3,6,0,Modéré
ETU010,rania.rochdi10@etu.uca.ma,10,47.2,61,10,58.8,3,5,0,Modéré
ETU010,rania.rochdi10@etu.uca.ma,11,59.7,160,1,61.8,2,5,0,Modéré
ETU010,rania.rochdi10@etu.uca.ma,12,70.3,123,27,66.0,0,11,0,Engagé
ETU011,tarik.ouali11@etu.uca.ma,1,76.6,152,11,73.6,3,11,0,Engagé
ETU011,tarik.ouali11@etu.uca.ma,2,75.5,88,17,39.2,2,8,0,Engagé
ETU011,tarik.ouali11@etu.uca.ma,3,83.0,27,20,72.6,1,12,0,Engagé
ETU011,tarik.ouali11@etu.uca.ma,4,77.0,161,13,36.5,0,8,0,Engagé
ETU011,tarik.ouali11@etu.uca.ma,5,87.0,59,15,95.3,2,9,0,Engagé
ETU011,tarik.ouali11@etu.uca.ma,6,81.3,143,15,47.1,4,3,0,Engagé
ETU011,tarik.ouali11@etu.uca.ma,7,89.0,150,23,91.6,0,5,0,Engagé
ETU011,tarik.ouali11@etu.uca.ma,8,93.0,107,29,85.1,2,14,0,Engagé
ETU011,tarik.ouali11@etu.uca.ma,9,83.4,170,18,99.9,3,14,0,Engagé
ETU011,tarik.ouali11@etu.uca.ma,10,80.5,108,10,68.6,4,7,0,Engagé
ETU011,tarik.ouali11@etu.uca.ma,11,77.0,68,22,46.7,3,4,0,Engagé
ETU011,tarik.ouali11@etu.uca.ma,12,69.5,101,23,63.1,3,7,0,Engagé
ETU012,samira.mekouar12@etu.uca.ma,1,88.2,58,15,97.5,1,9,0,Engagé
ETU012,samira.mekouar12@etu.uca.ma,2,89.0,45,27,89.2,0,9,0,Engagé
ETU012,samira.mekouar12@etu.uca.ma,3,85.6,56,13,91.0,1,2,0,Engagé
ETU012,samira.mekouar12@etu.uca.ma,4,91.7,106,19,78.5,5,2,0,Engagé
ETU012,samira.mekouar12@etu.uca.ma,5,95.7,156,12,96.8,5,12,0,Engagé
ETU012,samira.mekouar12@etu.uca.ma,6,91.0,158,1,73.2,1,11,0,Engagé
ETU012,samira.mekouar12@etu.uca.ma,7,85.2,78,23,36.3,0,13,0,Engagé
ETU012,samira.mekouar12@etu.uca.ma,8,98.6,133,5,78.6,0,1,0,Engagé
ETU012,samira.mekouar12@etu.uca.ma,9,75.1,111,11,60.1,1,9,0,Engagé
ETU012,samira.mekouar12@etu.uca.ma,10,93.9,66,5,42.3,4,14,0,Engagé
ETU012,samira.mekouar12@etu.uca.ma,11,94.7,147,29,70.8,1,8,0,Engagé
ETU012,samira.mekouar12@etu.uca.ma,12,79.5,22,28,86.3,2,11,1,Engagé
ETU013,adil.benbrahim13@etu.uca.ma,1,57.6,170,9,74.7,3,12,0,Modéré
ETU013,adil.benbrahim13@etu.uca.ma,2,60.6,70,12,89.7,0,4,0,Modéré
ETU013,adil.benbrahim13@etu.uca.ma,3,59.1,95,22,50.7,5,7,0,Modéré
ETU013,adil.benbrahim13@etu.uca.ma,4,60.6,32,29,72.4,3,14,0,Modéré
ETU013,adil.benbrahim13@etu.uca.ma,5,63.4,78,19,86.1,1,11,0,Modéré
ETU013,adil.benbrahim13@etu.uca.ma,6,55.5,55,20,36.8,5,11,0,Modéré
ETU013,adil.benbrahim13@etu.uca.ma,7,65.0,28,18,55.5,1,2,0,Modéré
ETU013,adil.benbrahim13@etu.uca.ma,8,64.0,126,5,44.1,4,6,0,Modéré
ETU013,adil.benbrahim13@etu.uca.ma,9,76.0,62,8,94.0,3,13,0,Engagé
ETU013,adil.benbrahim13@etu.uca.ma,10,74.1,49,14,97.4,1,13,0,Engagé
ETU013,adil.benbrahim13@etu.uca.ma,11,82.1,121,30,89.2,4,6,0,Engagé
ETU013,adil.benbrahim13@etu.uca.ma,12,62.6,87,17,38.7,2,11,0,Modéré
ETU014,loubna.tazi14@etu.uca.ma,1,69.0,115,3,77.2,3,1,0,Engagé
ETU014,loubna.tazi14@etu.uca.ma,2,76.1,103,29,72.7,5,2,0,Engagé
ETU014,loubna.tazi14@etu.uca.ma,3,73.7,97,20,58.6,1,1,0,Engagé
ETU014,loubna.tazi14@etu.uca.ma,4,75.3,146,3,36.8,4,3,0,Engagé
ETU014,loubna.tazi14@etu.uca.ma,5,70.6,158,13,71.1,5,3,0,Engagé
ETU014,loubna.tazi14@etu.uca.ma,6,80.8,145,19,58.6,2,1,0,Engagé
ETU014,loubna.tazi14@etu.uca.ma,7,70.7,133,30,46.5,2,2,0,Engagé
ETU014,loubna.tazi14@etu.uca.ma,8,76.8,111,1,57.9,1,2,0,Engagé
ETU014,loubna.tazi14@etu.uca.ma,9,88.9,43,21,44.8,5,10,0,Engagé
ETU014,loubna.tazi14@etu.uca.ma,10,67.4,105,7,99.2,4,4,0,Modéré
ETU014,loubna.tazi14@etu.uca.ma,11,81.1,73,18,45.1,1,6,0,Engagé
ETU014,loubna.tazi14@etu.uca.ma,12,79.3,172,0,49.4,1,3,1,Engagé
ETU015,hamza.idrissi15@etu.uca.ma,1,62.0,26,4,31.0,1,10,0,Modéré
ETU015,hamza.idrissi15@etu.uca.ma,2,57.0,33,4,81.9,4,2,0,Modéré
ETU015,hamza.idrissi15@etu.uca.ma,3,63.5,112,16,71.6,3,9,0,Modéré
ETU015,hamza.idrissi15@etu.uca.ma,4,60.3,153,9,62.1,0,1,0,Modéré
ETU015,hamza.idrissi15@etu.uca.ma,5,72.4,129,21,37.6,5,8,0,Engagé
ETU015,hamza.idrissi15@etu.uca.ma,6,50.9,175,4,34.6,2,10,0,Modéré
ETU015,hamza.idrissi15@etu.uca.ma,7,65.6,103,12,99.6,4,5,0,Modéré
ETU015,hamza.idrissi15@etu.uca.ma,8,65.8,45,25,79.1,5,11,0,Modéré
ETU015,hamza.idrissi15@etu.uca.ma,9,69.4,75,13,61.6,1,7,0,Engagé
ETU015,hamza.idrissi15@etu.uca.ma,10,61.7,126,23,36.7,3,6,0,Modéré
ETU015,hamza.idrissi15@etu.uca.ma,11,62.7,59,21,94.6,0,2,0,Modéré
ETU015,hamza.idrissi15@etu.uca.ma,12,60.3,44,23,81.7,1,9,0,Modéré
ETU016,zineb.hajji16@etu.uca.ma,1,38.6,51,13,54.8,5,13,0,Modéré
ETU016,zineb.hajji16@etu.uca.ma,2,36.0,33,30,50.1,2,6,0,À risque
ETU016,zineb.hajji16@etu.uca.ma,3,30.9,59,21,63.8,0,6,0,À risque
ETU016,zineb.hajji16@etu.uca.ma,4,37.2,91,18,45.8,3,14,0,À risque
ETU016,zineb.hajji16@etu.uca.ma,5,40.4,179,19,77.2,4,1,0,Modéré
ETU016,zineb.hajji16@etu.uca.ma,6,40.2,88,0,42.6,5,13,0,Modéré
ETU016,zineb.hajji16@etu.uca.ma,7,31.5,21,5,90.9,4,11,0,À risque
ETU016,zineb.hajji16@etu.uca.ma,8,27.7,27,2,82.2,1,7,0,À risque
ETU016,zineb.hajji16@etu.uca.ma,9,32.7,114,9,80.5,4,10,0,À risque
ETU016,zineb.hajji16@etu.uca.ma,10,20.7,60,24,73.2,5,2,1,À risque
ETU016,zineb.hajji16@etu.uca.ma,11,41.9,144,19,60.9,2,4,0,Modéré
ETU016,zineb.hajji16@etu.uca.ma,12,66.3,130,3,49.8,5,10,0,Engagé
ETU017,khalid.ziani17@etu.uca.ma,1,57.6,121,19,33.8,1,5,0,Modéré
ETU017,khalid.ziani17@etu.uca.ma,2,63.8,85,9,53.0,0,8,0,Modéré
ETU017,khalid.ziani17@etu.uca.ma,3,57.8,117,17,79.3,4,9,0,Modéré
ETU017,khalid.ziani17@etu.uca.ma,4,65.8,38,12,90.3,0,7,0,Modéré
ETU017,khalid.ziani17@etu.uca.ma,5,60.8,100,18,60.0,3,12,0,Modéré
ETU017,khalid.ziani17@etu.uca.ma,6,57.4,123,0,97.6,1,13,0,Modéré
ETU017,khalid.ziani17@etu.uca.ma,7,63.9,112,2,60.6,0,4,0,Modéré
ETU017,khalid.ziani17@etu.uca.ma,8,57.7,40,12,90.9,5,6,0,Modéré
ETU017,khalid.ziani17@etu.uca.ma,9,66.0,39,16,74.3,4,9,0,Modéré
ETU017,khalid.ziani17@etu.uca.ma,10,67.0,109,23,97.1,5,14,0,Modéré
ETU017,khalid.ziani17@etu.uca.ma,11,45.6,85,6,42.1,1,13,0,Modéré
ETU017,khalid.ziani17@etu.uca.ma,12,56.2,180,15,62.5,4,13,1,Modéré
ETU018,imane.benali18@etu.uca.ma,1,65.3,179,10,90.5,5,6,0,Modéré
ETU018,imane.benali18@etu.uca.ma,2,56.8,133,20,51.2,2,10,0,Modéré
ETU018,imane.benali18@etu.uca.ma,3,59.0,99,14,61.6,0,6,0,Modéré
ETU018,imane.benali18@etu.uca.ma,4,62.1,43,19,71.6,3,8,0,Modéré
ETU018,imane.benali18@etu.uca.ma,5,72.0,30,14,93.6,4,11,0,Engagé
ETU018,imane.benali18@etu.uca.ma,6,63.6,148,4,97.0,3,2,0,Modéré
ETU018,imane.benali18@etu.uca.ma,7,75.6,41,16,75.2,0,4,0,Engagé
ETU018,imane.benali18@etu.uca.ma,8,79.7,154,16,72.7,2,6,0,Engagé
ETU018,imane.benali18@etu.uca.ma,9,67.5,106,21,71.9,5,11,0,Modéré
ETU018,imane.benali18@etu.uca.ma,10,60.1,162,21,57.1,2,12,0,Modéré
ETU018,imane.benali18@etu.uca.ma,11,86.2,174,27,40.5,0,10,0,Engagé
ETU018,imane.benali18@etu.uca.ma,12,70.3,99,30,75.9,5,7,0,Engagé
ETU019,sami.fassi19@etu.uca.ma,1,38.4,163,12,75.0,2,14,0,Modéré
ETU019,sami.fassi19@etu.uca.ma,2,35.6,154,2,75.2,3,9,0,À risque
ETU019,sami.fassi19@etu.uca.ma,3,36.0,66,30,45.0,3,4,0,À risque
ETU019,sami.fassi19@etu.uca.ma,4,32.0,39,9,89.1,0,9,0,À risque
ETU019,sami.fassi19@etu.uca.ma,5,47.3,154,1,76.3,4,3,0,Modéré
ETU019,sami.fassi19@etu.uca.ma,6,34.8,66,26,78.5,4,13,0,À risque
ETU019,sami.fassi19@etu.uca.ma,7,49.3,31,13,55.5,5,4,0,Modéré
ETU019,sami.fassi19@etu.uca.ma,8,48.4,134,7,67.4,2,13,0,Modéré
ETU019,sami.fassi19@etu.uca.ma,9,55.3,69,11,77.5,4,8,0,Modéré
ETU019,sami.fassi19@etu.uca.ma,10,35.2,117,16,66.9,1,14,0,À risque
ETU019,sami.fassi19@etu.uca.ma,11,43.0,84,1,74.9,2,9,0,Modéré
ETU019,sami.fassi19@etu.uca.ma,12,62.1,152,27,38.7,0,13,1,Modéré
ETU020,douae.rochdi20@etu.uca.ma,1,38.9,131,2,96.2,1,14,0,Modéré
ETU020,douae.rochdi20@etu.uca.ma,2,38.4,26,13,33.7,4,6,0,Modéré
ETU020,douae.rochdi20@etu.uca.ma,3,42.1,115,7,32.0,0,14,0,Modéré
ETU020,douae.rochdi20@etu.uca.ma,4,41.0,57,4,32.7,3,12,0,Modéré
ETU020,douae.rochdi20@etu.uca.ma,5,48.5,140,14,73.1,0,1,0,Modéré
ETU020,douae.rochdi20@etu.uca.ma,6,45.4,160,30,80.9,4,7,0,Modéré
ETU020,douae.rochdi20@etu.uca.ma,7,34.0,97,3,33.3,3,11,0,À risque
ETU020,douae.rochdi20@etu.uca.ma,8,44.7,48,26,93.4,4,9,0,Modéré
ETU020,douae.rochdi20@etu.uca.ma,9,38.9,81,22,40.1,3,1,0,Modéré
ETU020,douae.rochdi20@etu.uca.ma,10,37.2,126,5,76.5,0,9,0,À risque
ETU020,douae.rochdi20@etu.uca.ma,11,34.8,154,17,65.5,4,9,0,À risque
ETU020,douae.rochdi20@etu.uca.ma,12,57.1,31,20,57.1,2,5,0,Modéré
ETU021,karim.ouali21@etu.uca.ma,1,68.9,81,23,76.0,0,13,0,Engagé
ETU021,karim.ouali21@etu.uca.ma,2,74.5,54,1,54.7,2,14,0,Engagé
ETU021,karim.ouali21@etu.uca.ma,3,77.0,138,22,63.5,1,13,0,Engagé
ETU021,karim.ouali21@etu.uca.ma,4,72.0,137,1,50.5,0,13,0,Engagé
ETU021,karim.ouali21@etu.uca.ma,5,63.7,99,16,57.9,4,8,0,Modéré
ETU021,karim.ouali21@etu.uca.ma,6,76.2,68,9,55.0,0,14,0,Engagé
ETU021,karim.ouali21@etu.uca.ma,7,71.4,114,13,92.3,5,8,0,Engagé
ETU021,karim.ouali21@etu.uca.ma,8,76.3,67,15,78.4,2,13,0,Engagé
ETU021,karim.ouali21@etu.uca.ma,9,83.9,128,2,60.1,1,9,0,Engagé
ETU021,karim.ouali21@etu.uca.ma,10,62.1,103,21,50.7,3,10,0,Modéré
ETU021,karim.ouali21@etu.uca.ma,11,67.8,133,11,61.3,5,14,0,Modéré
ETU021,karim.ouali21@etu.uca.ma,12,77.2,131,8,74.8,0,2,0,Engagé
ETU022,amine.mekouar22@etu.uca.ma,1,66.5,60,30,32.2,4,11,0,Modéré
ETU022,amine.mekouar22@etu.uca.ma,2,67.9,37,7,84.5,2,6,0,Modéré
ETU022,amine.mekouar22@etu.uca.ma,3,67.8,174,4,77.5,2,6,0,Modéré
ETU022,amine.mekouar22@etu.uca.ma,4,63.3,55,16,55.7,2,11,0,Modéré
ETU022,amine.mekouar22@etu.uca.ma,5,74.1,26,23,43.0,4,7,0,Engagé
ETU022,amine.mekouar22@etu.uca.ma,6,67.2,86,22,61.2,4,5,0,Modéré
ETU022,amine.mekouar22@etu.uca.ma,7,82.8,71,3,39.5,0,8,0,Engagé
ETU022,amine.mekouar22@etu.uca.ma,8,72.8,42,25,77.7,2,11,0,Engagé
ETU022,amine.mekouar22@etu.uca.ma,9,58.1,158,9,92.4,1,12,0,Modéré
ETU022,amine.mekouar22@etu.uca.ma,10,80.0,64,25,55.3,1,2,0,Engagé
ETU022,amine.mekouar22@etu.uca.ma,11,86.9,80,25,64.6,2,9,0,Engagé
ETU022,amine.mekouar22@etu.uca.ma,12,71.8,161,4,72.8,0,2,1,Engagé
ETU023,nour.benbrahim23@etu.uca.ma,1,53.2,154,13,83.8,4,2,0,Modéré
ETU023,nour.benbrahim23@etu.uca.ma,2,43.2,38,14,62.6,4,6,0,Modéré
ETU023,nour.benbrahim23@etu.uca.ma,3,47.8,161,20,71.1,1,7,0,Modéré
ETU023,nour.benbrahim23@etu.uca.ma,4,53.5,51,16,40.7,1,3,0,Modéré
ETU023,nour.benbrahim23@etu.uca.ma,5,50.9,108,30,95.9,2,14,0,Modéré
ETU023,nour.benbrahim23@etu.uca.ma,6,40.3,161,8,38.8,2,10,0,Modéré
ETU023,nour.benbrahim23@etu.uca.ma,7,50.9,63,18,95.9,1,3,0,Modéré
ETU023,nour.benbrahim23@etu.uca.ma,8,57.9,174,10,89.0,4,1,0,Modéré
ETU023,nour.benbrahim23@etu.uca.ma,9,42.0,31,30,74.9,4,5,0,Modéré
ETU023,nour.benbrahim23@etu.uca.ma,10,61.5,126,19,74.7,3,11,0,Modéré
ETU023,nour.benbrahim23@etu.uca.ma,11,57.6,97,15,47.1,5,7,0,Modéré
ETU023,nour.benbrahim23@etu.uca.ma,12,48.3,35,5,60.8,3,8,0,À risque
ETU024,sara.tazi24@etu.uca.ma,1,42.2,101,23,99.2,2,7,0,Modéré
ETU024,sara.tazi24@etu.uca.ma,2,37.8,163,3,52.3,3,2,0,À risque
ETU024,sara.tazi24@etu.uca.ma,3,38.1,44,1,50.3,3,14,0,Modéré
ETU024,sara.tazi24@etu.uca.ma,4,41.4,60,26,52.9,4,12,0,Modéré
ETU024,sara.tazi24@etu.uca.ma,5,45.8,147,16,62.7,2,8,0,Modéré
ETU024,sara.tazi24@etu.uca.ma,6,47.5,149,14,97.7,1,10,0,Modéré
ETU024,sara.tazi24@etu.uca.ma,7,33.8,146,19,91.8,5,11,0,À risque
ETU024,sara.tazi24@etu.uca.ma,8,45.8,47,13,39.4,2,12,0,Modéré
ETU024,sara.tazi24@etu.uca.ma,9,41.8,31,12,33.6,4,4,0,Modéré
ETU024,sara.tazi24@etu.uca.ma,10,38.5,118,16,61.5,4,5,0,Modéré
ETU024,sara.tazi24@etu.uca.ma,11,54.0,176,3,39.0,0,7,0,Modéré
ETU024,sara.tazi24@etu.uca.ma,12,63.7,162,30,55.6,1,4,0,Engagé
ETU025,youssef.idrissi25@etu.uca.ma,1,61.3,29,4,80.0,3,9,0,Modéré
ETU025,youssef.idrissi25@etu.uca.ma,2,64.3,151,4,53.0,4,6,0,Modéré
ETU025,youssef.idrissi25@etu.uca.ma,3,65.7,96,18,53.5,4,9,0,Modéré
ETU025,youssef.idrissi25@etu.uca.ma,4,65.8,141,26,31.2,2,11,0,Modéré
ETU025,youssef.idrissi25@etu.uca.ma,5,60.5,98,25,92.9,5,11,0,Modéré
ETU025,youssef.idrissi25@etu.uca.ma,6,60.9,168,18,45.9,0,10,0,Modéré
ETU025,youssef.idrissi25@etu.uca.ma,7,66.9,178,24,88.9,1,14,0,Modéré
ETU025,youssef.idrissi25@etu.uca.ma,8,57.7,48,6,31.3,2,7,0,Modéré
ETU025,youssef.idrissi25@etu.uca.ma,9,69.3,125,16,84.2,3,14,0,Engagé
ETU025,youssef.idrissi25@etu.uca.ma,10,78.4,55,16,44.5,2,11,0,Engagé
ETU025,youssef.idrissi25@etu.uca.ma,11,64.4,64,14,93.8,2,9,0,Modéré
ETU025,youssef.idrissi25@etu.uca.ma,12,73.9,87,19,63.9,1,5,0,Engagé
ETU026,leila.hajji26@etu.uca.ma,1,59.9,96,24,50.2,1,12,0,Modéré
ETU026,leila.hajji26@etu.uca.ma,2,62.6,109,17,95.4,5,5,0,Modéré
ETU026,leila.hajji26@etu.uca.ma,3,60.7,159,12,92.7,3,14,0,Modéré
ETU026,leila.hajji26@etu.uca.ma,4,64.4,57,9,32.9,5,2,0,Modéré
ETU026,leila.hajji26@etu.uca.ma,5,60.8,85,23,63.5,1,14,0,Modéré
ETU026,leila.hajji26@etu.uca.ma,6,71.9,89,4,37.6,5,10,0,Engagé
ETU026,leila.hajji26@etu.uca.ma,7,52.2,155,7,74.7,0,2,0,Modéré
ETU026,leila.hajji26@etu.uca.ma,8,69.0,45,21,84.0,0,9,0,Engagé
ETU026,leila.hajji26@etu.uca.ma,9,60.7,141,15,75.5,2,6,0,Modéré
ETU026,leila.hajji26@etu.uca.ma,10,50.3,42,20,70.2,4,12,0,Modéré
ETU026,leila.hajji26@etu.uca.ma,11,82.8,64,13,91.8,1,1,0,Engagé
ETU026,leila.hajji26@etu.uca.ma,12,67.8,146,5,95.6,2,1,1,Modéré
ETU027,omar.ziani27@etu.uca.ma,1,30.5,105,9,61.8,5,9,0,À risque
ETU027,omar.ziani27@etu.uca.ma,2,34.1,54,27,65.3,2,4,0,À risque
ETU027,omar.ziani27@etu.uca.ma,3,33.6,137,20,48.0,1,1,0,À risque
ETU027,omar.ziani27@etu.uca.ma,4,38.4,165,21,83.0,1,10,0,Modéré
ETU027,omar.ziani27@etu.uca.ma,5,42.5,129,16,53.0,3,11,0,Modéré
ETU027,omar.ziani27@etu.uca.ma,6,38.1,142,10,95.5,0,5,0,Modéré
ETU027,omar.ziani27@etu.uca.ma,7,31.7,88,30,53.1,4,12,0,À risque
ETU027,omar.ziani27@etu.uca.ma,8,29.5,112,22,46.5,5,2,0,À risque
ETU027,omar.ziani27@etu.uca.ma,9,25.5,148,29,92.7,5,13,0,À risque
ETU027,omar.ziani27@etu.uca.ma,10,22.1,95,11,73.0,1,3,1,À risque
ETU027,omar.ziani27@etu.uca.ma,11,34.3,175,11,59.1,4,8,0,À risque
ETU027,omar.ziani27@etu.uca.ma,12,57.2,75,24,47.3,4,14,0,Modéré
ETU028,hind.benali28@etu.uca.ma,1,74.1,112,2,94.2,0,1,0,Engagé
ETU028,hind.benali28@etu.uca.ma,2,80.0,71,18,67.6,1,6,0,Engagé
ETU028,hind.benali28@etu.uca.ma,3,77.8,72,22,70.8,0,9,0,Engagé
ETU028,hind.benali28@etu.uca.ma,4,69.4,53,16,59.1,4,1,0,Engagé
ETU028,hind.benali28@etu.uca.ma,5,79.0,98,23,31.5,2,14,0,Engagé
ETU028,hind.benali28@etu.uca.ma,6,66.3,38,1,59.7,5,2,0,Modéré
ETU028,hind.benali28@etu.uca.ma,7,68.0,37,29,63.0,2,7,0,Modéré
ETU028,hind.benali28@etu.uca.ma,8,65.4,127,11,99.5,3,8,0,Modéré
ETU028,hind.benali28@etu.uca.ma,9,92.5,116,2,77.8,5,14,0,Engagé
ETU028,hind.benali28@etu.uca.ma,10,83.3,109,3,42.5,4,7,0,Engagé
ETU028,hind.benali28@etu.uca.ma,11,86.6,77,26,30.2,0,5,0,Engagé
ETU028,hind.benali28@etu.uca.ma,12,74.9,128,17,56.5,1,4,0,Engagé
ETU029,mehdi.fassi29@etu.uca.ma,1,51.5,48,1,86.7,3,10,0,Modéré
ETU029,mehdi.fassi29@etu.uca.ma,2,61.3,24,7,44.4,0,10,0,Modéré
ETU029,mehdi.fassi29@etu.uca.ma,3,53.1,32,7,81.8,3,8,0,Modéré
ETU029,mehdi.fassi29@etu.uca.ma,4,51.3,34,4,65.3,2,4,0,Modéré
ETU029,mehdi.fassi29@etu.uca.ma,5,64.5,101,18,71.9,5,14,0,Modéré
ETU029,mehdi.fassi29@etu.uca.ma,6,53.0,56,21,66.5,3,5,0,Modéré
ETU029,mehdi.fassi29@etu.uca.ma,7,57.8,171,28,81.5,1,11,0,Modéré
ETU029,mehdi.fassi29@etu.uca.ma,8,62.5,32,11,95.9,5,7,0,Modéré
ETU029,mehdi.fassi29@etu.uca.ma,9,57.8,126,13,40.4,3,3,0,Modéré
ETU029,mehdi.fassi29@etu.uca.ma,10,62.1,77,9,90.0,1,13,0,Modéré
ETU029,mehdi.fassi29@etu.uca.ma,11,45.9,125,30,59.2,4,3,0,Modéré
ETU029,mehdi.fassi29@etu.uca.ma,12,58.9,104,20,35.5,3,14,0,Modéré
ETU030,rania.rochdi30@etu.uca.ma,1,52.3,33,8,56.4,4,10,0,Modéré
ETU030,rania.rochdi30@etu.uca.ma,2,44.2,170,23,77.0,1,8,0,Modéré
ETU030,rania.rochdi30@etu.uca.ma,3,52.7,97,30,93.6,1,4,0,Modéré
ETU030,rania.rochdi30@etu.uca.ma,4,52.4,142,29,47.0,4,12,0,Modéré
ETU030,rania.rochdi30@etu.uca.ma,5,56.2,161,10,84.3,3,8,0,Modéré
ETU030,rania.rochdi30@etu.uca.ma,6,51.2,86,11,65.9,3,8,0,Modéré
ETU030,rania.rochdi30@etu.uca.ma,7,60.0,140,24,88.8,1,6,0,Modéré
ETU030,rania.rochdi30@etu.uca.ma,8,41.6,76,23,40.2,2,9,0,Modéré
ETU030,rania.rochdi30@etu.uca.ma,9,61.4,126,9,40.7,2,4,0,Modéré
ETU030,rania.rochdi30@etu.uca.ma,10,64.2,147,17,75.8,5,6,0,Modéré
ETU030,rania.rochdi30@etu.uca.ma,11,64.1,145,14,41.8,2,3,0,Modéré
ETU030,rania.rochdi30@etu.uca.ma,12,60.2,67,29,92.3,5,1,1,Modéré
ETU031,tarik.ouali31@etu.uca.ma,1,61.4,32,24,30.4,1,14,0,Modéré
ETU031,tarik.ouali31@etu.uca.ma,2,58.5,58,0,45.3,3,6,0,Modéré
ETU031,tarik.ouali31@etu.uca.ma,3,57.2,177,29,63.8,3,1,0,Modéré
ETU031,tarik.ouali31@etu.uca.ma,4,56.5,23,0,67.1,2,9,0,Modéré
ETU031,tarik.ouali31@etu.uca.ma,5,58.8,130,25,95.8,1,2,0,Modéré
ETU031,tarik.ouali31@etu.uca.ma,6,66.4,81,6,73.4,2,14,0,Modéré
ETU031,tarik.ouali31@etu.uca.ma,7,67.1,40,11,97.2,3,10,0,Modéré
ETU031,tarik.ouali31@etu.uca.ma,8,65.0,96,21,88.0,0,11,0,Modéré
ETU031,tarik.ouali31@etu.uca.ma,9,72.3,28,2,58.4,3,9,0,Engagé
ETU031,tarik.ouali31@etu.uca.ma,10,67.7,63,2,65.0,3,11,0,Modéré
ETU031,tarik.ouali31@etu.uca.ma,11,69.3,44,28,67.0,0,4,0,Engagé
ETU031,tarik.ouali31@etu.uca.ma,12,71.8,165,15,49.0,0,11,0,Engagé
ETU032,samira.mekouar32@etu.uca.ma,1,85.6,28,5,95.0,2,1,0,Engagé
ETU032,samira.mekouar32@etu.uca.ma,2,87.0,121,29,35.4,1,10,0,Engagé
ETU032,samira.mekouar32@etu.uca.ma,3,82.8,119,21,92.8,2,7,0,Engagé
ETU032,samira.mekouar32@etu.uca.ma,4,81.1,40,16,82.2,2,1,0,Engagé
ETU032,samira.mekouar32@etu.uca.ma,5,75.4,39,10,72.4,4,10,0,Engagé
ETU032,samira.mekouar32@etu.uca.ma,6,87.8,27,20,49.1,3,8,0,Engagé
ETU032,samira.mekouar32@etu.uca.ma,7,82.8,116,13,43.0,4,11,0,Engagé
ETU032,samira.mekouar32@etu.uca.ma,8,90.2,95,25,47.3,0,2,0,Engagé
ETU032,samira.mekouar32@etu.uca.ma,9,79.8,59,23,57.3,2,2,0,Engagé
ETU032,samira.mekouar32@etu.uca.ma,10,95.1,133,11,83.3,0,3,0,Engagé
ETU032,samira.mekouar32@etu.uca.ma,11,80.0,162,17,65.9,0,1,0,Engagé
ETU032,samira.mekouar32@etu.uca.ma,12,64.4,172,19,84.9,3,1,1,Modéré
ETU033,adil.benbrahim33@etu.uca.ma,1,44.2,163,28,99.5,1,10,0,Modéré
ETU033,adil.benbrahim33@etu.uca.ma,2,48.4,63,4,48.8,2,8,0,Modéré
ETU033,adil.benbrahim33@etu.uca.ma,3,41.0,90,13,51.0,0,6,0,Modéré
ETU033,adil.benbrahim33@etu.uca.ma,4,42.5,180,15,71.6,1,8,0,Modéré
ETU033,adil.benbrahim33@etu.uca.ma,5,41.7,121,10,88.9,3,13,0,Modéré
ETU033,adil.benbrahim33@etu.uca.ma,6,51.6,130,26,87.6,5,10,0,Modéré
ETU033,adil.benbrahim33@etu.uca.ma,7,42.1,71,15,52.0,3,6,0,Modéré
ETU033,adil.benbrahim33@etu.uca.ma,8,52.6,145,30,70.3,1,6,0,Modéré
ETU033,adil.benbrahim33@etu.uca.ma,9,57.9,120,11,38.0,4,4,0,Modéré
ETU033,adil.benbrahim33@etu.uca.ma,10,53.3,160,0,96.7,3,12,0,Modéré
ETU033,adil.benbrahim33@etu.uca.ma,11,58.5,37,26,89.3,3,11,0,Modéré
ETU033,adil.benbrahim33@etu.uca.ma,12,65.5,81,8,76.1,5,7,0,Modéré
ETU034,loubna.tazi34@etu.uca.ma,1,71.1,142,18,58.1,4,14,0,Engagé
ETU034,loubna.tazi34@etu.uca.ma,2,76.6,112,22,92.7,4,10,0,Engagé
ETU034,loubna.tazi34@etu.uca.ma,3,72.5,83,21,76.5,1,11,0,Engagé
ETU034,loubna.tazi34@etu.uca.ma,4,77.3,122,30,82.7,3,2,0,Engagé
ETU034,loubna.tazi34@etu.uca.ma,5,67.4,150,23,66.3,4,12,0,Modéré
ETU034,loubna.tazi34@etu.uca.ma,6,76.2,120,14,84.1,4,12,0,Engagé
ETU034,loubna.tazi34@etu.uca.ma,7,73.6,26,15,37.3,3,2,0,Engagé
ETU034,loubna.tazi34@etu.uca.ma,8,84.1,56,11,51.8,3,13,0,Engagé
ETU034,loubna.tazi34@etu.uca.ma,9,74.5,141,3,60.7,5,8,0,Engagé
ETU034,loubna.tazi34@etu.uca.ma,10,70.6,49,0,89.4,5,2,0,Engagé
ETU034,loubna.tazi34@etu.uca.ma,11,69.6,82,16,42.2,1,6,0,Engagé
ETU034,loubna.tazi34@etu.uca.ma,12,82.0,79,25,58.4,1,3,0,Engagé
ETU035,hamza.idrissi35@etu.uca.ma,1,63.6,177,28,43.8,4,7,0,Modéré
ETU035,hamza.idrissi35@etu.uca.ma,2,66.3,72,8,82.7,0,10,0,Modéré
ETU035,hamza.idrissi35@etu.uca.ma,3,66.1,67,11,52.8,3,2,0,Modéré
ETU035,hamza.idrissi35@etu.uca.ma,4,69.2,155,30,74.7,4,7,0,Engagé
ETU035,hamza.idrissi35@etu.uca.ma,5,70.1,109,11,89.2,4,3,0,Engagé
ETU035,hamza.idrissi35@etu.uca.ma,6,75.1,96,29,73.0,0,11,0,Engagé
ETU035,hamza.idrissi35@etu.uca.ma,7,57.0,98,3,42.8,5,3,0,Modéré
ETU035,hamza.idrissi35@etu.uca.ma,8,67.4,55,18,56.9,1,8,0,Modéré
ETU035,hamza.idrissi35@etu.uca.ma,9,76.3,64,17,41.7,2,3,0,Engagé
ETU035,hamza.idrissi35@etu.uca.ma,10,77.4,178,1,90.6,0,8,0,Engagé
ETU035,hamza.idrissi35@etu.uca.ma,11,77.5,163,16,75.7,3,11,0,Engagé
ETU035,hamza.idrissi35@etu.uca.ma,12,74.1,133,15,41.7,4,1,0,Engagé
ETU036,zineb.hajji36@etu.uca.ma,1,70.1,77,17,50.2,3,10,0,Engagé
ETU036,zineb.hajji36@etu.uca.ma,2,78.8,160,16,37.9,0,5,0,Engagé
ETU036,zineb.hajji36@etu.uca.ma,3,80.9,113,17,87.6,0,13,0,Engagé
ETU036,zineb.hajji36@etu.uca.ma,4,78.5,128,3,81.5,5,13,0,Engagé
ETU036,zineb.hajji36@etu.uca.ma,5,79.4,28,14,48.4,0,8,0,Engagé
ETU036,zineb.hajji36@etu.uca.ma,6,73.5,80,6,86.7,4,12,0,Engagé
ETU036,zineb.hajji36@etu.uca.ma,7,80.2,129,5,73.1,1,14,0,Engagé
ETU036,zineb.hajji36@etu.uca.ma,8,64.3,109,17,49.7,4,3,0,Modéré
ETU036,zineb.hajji36@etu.uca.ma,9,82.0,94,18,48.7,4,11,0,Engagé
ETU036,zineb.hajji36@etu.uca.ma,10,71.0,125,29,34.2,2,14,0,Engagé
ETU036,zineb.hajji36@etu.uca.ma,11,87.5,53,7,40.2,2,14,0,Engagé
ETU036,zineb.hajji36@etu.uca.ma,12,75.6,120,15,40.0,5,5,0,Engagé
ETU037,khalid.ziani37@etu.uca.ma,1,62.5,43,12,66.1,2,12,0,Modéré
ETU037,khalid.ziani37@etu.uca.ma,2,69.1,144,10,70.7,5,2,0,Engagé
ETU037,khalid.ziani37@etu.uca.ma,3,68.0,111,27,34.4,4,7,0,Modéré
ETU037,khalid.ziani37@etu.uca.ma,4,62.9,74,15,48.8,2,6,0,Modéré
ETU037,khalid.ziani37@etu.uca.ma,5,62.0,144,25,54.1,5,13,0,Modéré
ETU037,khalid.ziani37@etu.uca.ma,6,55.8,137,0,38.7,1,8,0,Modéré
ETU037,khalid.ziani37@etu.uca.ma,7,77.9,129,6,99.7,1,11,0,Engagé
ETU037,khalid.ziani37@etu.uca.ma,8,75.5,90,2,75.8,2,2,0,Engagé
ETU037,khalid.ziani37@etu.uca.ma,9,78.7,62,1,57.7,2,12,0,Engagé
ETU037,khalid.ziani37@etu.uca.ma,10,63.5,43,22,36.7,1,8,0,Modéré
ETU037,khalid.ziani37@etu.uca.ma,11,68.9,152,21,61.2,0,12,0,Engagé
ETU037,khalid.ziani37@etu.uca.ma,12,61.0,128,22,39.3,0,4,0,Modéré
ETU038,imane.benali38@etu.uca.ma,1,52.7,100,11,91.7,1,7,0,Modéré
ETU038,imane.benali38@etu.uca.ma,2,56.3,54,20,99.5,1,2,0,Modéré
ETU038,imane.benali38@etu.uca.ma,3,48.5,62,14,54.6,1,11,0,Modéré
ETU038,imane.benali38@etu.uca.ma,4,60.6,177,21,61.0,1,2,0,Modéré
ETU038,imane.benali38@etu.uca.ma,5,52.1,51,18,81.1,2,7,0,Modéré
ETU038,imane.benali38@etu.uca.ma,6,45.7,90,20,35.9,4,10,0,Modéré
ETU038,imane.benali38@etu.uca.ma,7,57.8,26,27,89.3,2,4,0,Modéré
ETU038,imane.benali38@etu.uca.ma,8,55.5,120,9,75.2,1,8,0,Modéré
ETU038,imane.benali38@etu.uca.ma,9,47.4,172,2,67.0,0,6,0,Modéré
ETU038,imane.benali38@etu.uca.ma,10,49.4,165,13,55.6,5,3,0,Modéré
ETU038,imane.benali38@etu.uca.ma,11,74.2,38,0,71.1,0,5,0,Engagé
ETU038,imane.benali38@etu.uca.ma,12,67.3,121,16,50.1,5,9,0,Engagé
ETU039,sami.fassi39@etu.uca.ma,1,71.6,157,17,73.1,2,2,0,Engagé
ETU039,sami.fassi39@etu.uca.ma,2,71.4,72,25,40.9,2,7,0,Engagé
ETU039,sami.fassi39@etu.uca.ma,3,76.9,36,9,78.9,5,14,0,Engagé
ETU039,sami.fassi39@etu.uca.ma,4,68.5,131,3,61.7,4,1,0,Engagé
ETU039,sami.fassi39@etu.uca.ma,5,76.4,64,3,30.9,1,12,0,Engagé
ETU039,sami.fassi39@etu.uca.ma,6,70.2,108,16,66.2,5,5,0,Engagé
ETU039,sami.fassi39@etu.uca.ma,7,64.5,88,23,92.0,0,6,0,Modéré
ETU039,sami.fassi39@etu.uca.ma,8,73.8,36,8,79.9,4,11,0,Engagé
ETU039,sami.fassi39@etu.uca.ma,9,71.3,112,1,65.0,4,3,0,Engagé
ETU039,sami.fassi39@etu.uca.ma,10,68.5,46,28,70.2,5,2,0,Engagé
ETU039,sami.fassi39@etu.uca.ma,11,75.3,31,27,90.4,1,1,0,Engagé
ETU039,sami.fassi39@etu.uca.ma,12,67.7,58,5,95.2,0,9,0,Engagé
ETU040,douae.rochdi40@etu.uca.ma,1,77.3,77,10,47.4,5,6,0,Engagé
ETU040,douae.rochdi40@etu.uca.ma,2,70.4,115,3,65.1,0,3,0,Engagé
ETU040,douae.rochdi40@etu.uca.ma,3,73.0,31,30,58.1,3,14,0,Engagé
ETU040,douae.rochdi40@etu.uca.ma,4,78.1,103,2,68.7,0,6,0,Engagé
ETU040,douae.rochdi40@etu.uca.ma,5,74.6,97,23,73.6,3,6,0,Engagé
ETU040,douae.rochdi40@etu.uca.ma,6,78.0,70,23,93.0,1,3,0,Engagé
ETU040,douae.rochdi40@etu.uca.ma,7,70.8,79,17,54.2,5,1,0,Engagé
ETU040,douae.rochdi40@etu.uca.ma,8,70.7,116,27,81.7,2,2,0,Engagé
ETU040,douae.rochdi40@etu.uca.ma,9,88.8,127,15,97.3,1,12,0,Engagé
ETU040,douae.rochdi40@etu.uca.ma,10,63.3,79,28,89.2,3,12,0,Modéré
ETU040,douae.rochdi40@etu.uca.ma,11,82.3,41,18,36.7,1,11,0,Engagé
ETU040,douae.rochdi40@etu.uca.ma,12,67.6,165,1,60.4,1,4,0,Engagé
ETU041,karim.ouali41@etu.uca.ma,1,51.3,120,22,88.2,2,6,0,Modéré
ETU041,karim.ouali41@etu.uca.ma,2,45.0,71,4,84.6,4,2,0,Modéré
ETU041,karim.ouali41@etu.uca.ma,3,41.1,139,10,58.5,4,6,0,Modéré
ETU041,karim.ouali41@etu.uca.ma,4,49.2,98,14,48.6,0,2,0,Modéré
ETU041,karim.ouali41@etu.uca.ma,5,47.9,174,1,45.1,2,3,0,Modéré
ETU041,karim.ouali41@etu.uca.ma,6,40.4,111,12,65.9,5,5,0,Modéré
ETU041,karim.ouali41@etu.uca.ma,7,57.4,27,30,58.3,3,9,0,Modéré
ETU041,karim.ouali41@etu.uca.ma,8,46.5,138,3,86.3,1,2,0,Modéré
ETU041,karim.ouali41@etu.uca.ma,9,54.6,76,4,43.9,3,6,0,Modéré
ETU041,karim.ouali41@etu.uca.ma,10,66.0,41,18,71.0,0,1,0,Modéré
ETU041,karim.ouali41@etu.uca.ma,11,46.5,133,25,39.0,2,2,0,Modéré
ETU041,karim.ouali41@etu.uca.ma,12,56.4,63,29,70.2,5,7,0,Modéré
ETU042,amine.mekouar42@etu.uca.ma,1,56.4,110,6,93.6,2,5,0,Modéré
ETU042,amine.mekouar42@etu.uca.ma,2,55.6,177,19,73.2,5,5,0,Modéré
ETU042,amine.mekouar42@etu.uca.ma,3,62.2,142,1,36.1,3,3,0,Modéré
ETU042,amine.mekouar42@etu.uca.ma,4,60.2,154,7,74.2,4,13,0,Modéré
ETU042,amine.mekouar42@etu.uca.ma,5,53.2,111,15,68.1,3,6,0,Modéré
ETU042,amine.mekouar42@etu.uca.ma,6,64.5,119,8,42.6,2,10,0,Modéré
ETU042,amine.mekouar42@etu.uca.ma,7,66.3,91,1,86.6,3,9,0,Modéré
ETU042,amine.mekouar42@etu.uca.ma,8,61.9,79,5,37.0,5,4,0,Modéré
ETU042,amine.mekouar42@etu.uca.ma,9,68.0,34,24,99.7,1,10,0,Modéré
ETU042,amine.mekouar42@etu.uca.ma,10,74.7,110,29,88.7,1,3,0,Engagé
ETU042,amine.mekouar42@etu.uca.ma,11,54.1,111,29,71.4,5,12,0,Modéré
ETU042,amine.mekouar42@etu.uca.ma,12,63.4,56,18,96.4,3,9,0,Modéré
ETU043,nour.benbrahim43@etu.uca.ma,1,46.2,79,19,45.3,4,8,0,Modéré
ETU043,nour.benbrahim43@etu.uca.ma,2,45.5,71,25,39.1,5,3,0,Modéré
ETU043,nour.benbrahim43@etu.uca.ma,3,55.8,102,1,31.5,4,12,0,Modéré
ETU043,nour.benbrahim43@etu.uca.ma,4,56.5,154,27,55.5,0,6,0,Modéré
ETU043,nour.benbrahim43@etu.uca.ma,5,54.0,170,3,53.6,2,3,0,Modéré
ETU043,nour.benbrahim43@etu.uca.ma,6,58.9,131,25,74.7,3,11,0,Modéré
ETU043,nour.benbrahim43@etu.uca.ma,7,53.0,163,22,92.3,4,13,0,Modéré
ETU043,nour.benbrahim43@etu.uca.ma,8,53.5,64,12,51.5,5,5,0,Modéré
ETU043,nour.benbrahim43@etu.uca.ma,9,53.9,166,12,89.6,4,1,0,Modéré
ETU043,nour.benbrahim43@etu.uca.ma,10,43.4,176,7,74.8,0,8,0,Modéré
ETU043,nour.benbrahim43@etu.uca.ma,11,57.0,80,11,98.8,1,11,0,Modéré
ETU043,nour.benbrahim43@etu.uca.ma,12,60.2,105,14,30.8,1,4,0,Modéré
ETU044,sara.tazi44@etu.uca.ma,1,68.0,20,1,57.0,5,7,0,Modéré
ETU044,sara.tazi44@etu.uca.ma,2,76.1,146,28,56.5,4,7,0,Engagé
ETU044,sara.tazi44@etu.uca.ma,3,65.5,167,20,83.1,1,3,0,Modéré
ETU044,sara.tazi44@etu.uca.ma,4,73.2,28,9,31.4,2,2,0,Engagé
ETU044,sara.tazi44@etu.uca.ma,5,61.4,116,5,81.2,4,2,0,Modéré
ETU044,sara.tazi44@etu.uca.ma,6,78.2,143,22,32.2,5,3,0,Engagé
ETU044,sara.tazi44@etu.uca.ma,7,71.3,33,3,53.2,1,7,0,Engagé
ETU044,sara.tazi44@etu.uca.ma,8,79.4,158,8,76.2,2,4,0,Engagé
ETU044,sara.tazi44@etu.uca.ma,9,65.7,160,26,64.4,0,6,0,Modéré
ETU044,sara.tazi44@etu.uca.ma,10,55.8,180,19,63.6,0,1,0,Modéré
ETU044,sara.tazi44@etu.uca.ma,11,75.3,40,15,89.1,2,13,0,Engagé
ETU044,sara.tazi44@etu.uca.ma,12,70.2,87,2,74.9,3,3,0,Engagé
ETU045,youssef.idrissi45@etu.uca.ma,1,48.8,31,8,60.8,2,4,0,Modéré
ETU045,youssef.idrissi45@etu.uca.ma,2,55.2,58,24,78.8,0,2,0,Modéré
ETU045,youssef.idrissi45@etu.uca.ma,3,56.4,125,24,71.3,4,1,0,Modéré
ETU045,youssef.idrissi45@etu.uca.ma,4,59.6,127,30,67.5,3,10,0,Modéré
ETU045,youssef.idrissi45@etu.uca.ma,5,56.4,40,12,93.2,5,1,0,Modéré
ETU045,youssef.idrissi45@etu.uca.ma,6,60.6,166,21,98.8,1,2,0,Modéré
ETU045,youssef.idrissi45@etu.uca.ma,7,57.3,62,6,86.6,1,1,0,Modéré
ETU045,youssef.idrissi45@etu.uca.ma,8,65.4,131,6,99.8,5,3,0,Modéré
ETU045,youssef.idrissi45@etu.uca.ma,9,51.7,37,2,57.2,3,9,0,Modéré
ETU045,youssef.idrissi45@etu.uca.ma,10,47.0,137,29,91.1,5,10,0,Modéré
ETU045,youssef.idrissi45@etu.uca.ma,11,66.1,48,13,40.5,4,10,0,Modéré
ETU045,youssef.idrissi45@etu.uca.ma,12,66.4,45,29,37.4,0,13,1,Engagé
ETU046,leila.hajji46@etu.uca.ma,1,46.1,125,8,56.8,3,10,0,Modéré
ETU046,leila.hajji46@etu.uca.ma,2,45.0,90,12,40.1,4,11,0,Modéré
ETU046,leila.hajji46@etu.uca.ma,3,45.0,104,22,46.6,5,8,0,Modéré
ETU046,leila.hajji46@etu.uca.ma,4,56.7,25,10,87.2,2,5,0,Modéré
ETU046,leila.hajji46@etu.uca.ma,5,45.9,45,27,46.0,2,12,0,Modéré
ETU046,leila.hajji46@etu.uca.ma,6,54.0,88,23,59.2,5,2,0,Modéré
ETU046,leila.hajji46@etu.uca.ma,7,40.1,124,23,63.9,4,14,0,Modéré
ETU046,leila.hajji46@etu.uca.ma,8,37.8,60,2,51.8,4,7,0,À risque
ETU046,leila.hajji46@etu.uca.ma,9,56.1,165,0,42.2,1,14,0,Modéré
ETU046,leila.hajji46@etu.uca.ma,10,32.3,32,29,55.2,1,5,0,À risque
ETU046,leila.hajji46@etu.uca.ma,11,48.7,121,20,94.6,5,1,0,Modéré
ETU046,leila.hajji46@etu.uca.ma,12,54.5,134,5,97.2,3,10,0,Modéré
ETU047,omar.ziani47@etu.uca.ma,1,60.3,86,23,88.2,0,5,0,Modéré
ETU047,omar.ziani47@etu.uca.ma,2,53.9,166,24,97.5,1,11,0,Modéré
ETU047,omar.ziani47@etu.uca.ma,3,56.4,124,16,31.4,5,1,0,Modéré
ETU047,omar.ziani47@etu.uca.ma,4,57.7,64,19,86.1,1,5,0,Modéré
ETU047,omar.ziani47@etu.uca.ma,5,70.6,90,13,92.7,2,8,0,Engagé
ETU047,omar.ziani47@etu.uca.ma,6,60.2,153,26,73.7,4,2,0,Modéré
ETU047,omar.ziani47@etu.uca.ma,7,69.4,115,17,75.3,4,5,0,Engagé
ETU047,omar.ziani47@etu.uca.ma,8,52.9,36,10,99.2,5,6,0,Modéré
ETU047,omar.ziani47@etu.uca.ma,9,62.0,96,6,40.5,1,1,0,Modéré
ETU047,omar.ziani47@etu.uca.ma,10,77.4,173,12,76.2,5,3,0,Engagé
ETU047,omar.ziani47@etu.uca.ma,11,73.2,95,8,93.5,3,7,0,Engagé
ETU047,omar.ziani47@etu.uca.ma,12,68.4,166,26,43.3,5,12,1,Modéré
ETU048,hind.benali48@etu.uca.ma,1,43.9,111,16,51.0,1,14,0,Modéré
ETU048,hind.benali48@etu.uca.ma,2,45.2,95,3,63.0,5,5,0,Modéré
ETU048,hind.benali48@etu.uca.ma,3,46.5,66,30,77.6,2,11,0,Modéré
ETU048,hind.benali48@etu.uca.ma,4,38.4,98,13,85.2,2,6,0,Modéré
ETU048,hind.benali48@etu.uca.ma,5,39.2,50,15,33.8,5,10,0,Modéré
ETU048,hind.benali48@etu.uca.ma,6,48.2,140,28,43.6,0,14,0,Modéré
ETU048,hind.benali48@etu.uca.ma,7,48.2,125,1,91.0,1,3,0,Modéré
ETU048,hind.benali48@etu.uca.ma,8,47.4,165,28,93.5,3,3,0,Modéré
ETU048,hind.benali48@etu.uca.ma,9,50.7,40,15,53.3,1,6,0,Modéré
ETU048,hind.benali48@etu.uca.ma,10,33.7,90,6,83.3,1,10,0,À risque
ETU048,hind.benali48@etu.uca.ma,11,50.0,42,4,73.0,5,7,0,Modéré
ETU048,hind.benali48@etu.uca.ma,12,69.4,118,0,32.6,1,12,1,Modéré
ETU049,mehdi.fassi49@etu.uca.ma,1,45.6,155,6,31.3,0,11,0,Modéré
ETU049,mehdi.fassi49@etu.uca.ma,2,52.2,108,9,39.0,3,9,0,Modéré
ETU049,mehdi.fassi49@etu.uca.ma,3,49.9,31,9,96.4,3,12,0,Modéré
ETU049,mehdi.fassi49@etu.uca.ma,4,53.0,131,28,78.1,1,6,0,Modéré
ETU049,mehdi.fassi49@etu.uca.ma,5,57.8,68,5,96.4,3,1,0,Modéré
ETU049,mehdi.fassi49@etu.uca.ma,6,54.9,53,6,81.4,4,9,0,Modéré
ETU049,mehdi.fassi49@etu.uca.ma,7,47.9,29,12,91.4,2,13,0,Modéré
ETU049,mehdi.fassi49@etu.uca.ma,8,44.0,32,21,37.6,0,1,0,Modéré
ETU049,mehdi.fassi49@etu.uca.ma,9,54.7,117,3,68.3,3,12,0,Modéré
ETU049,mehdi.fassi49@etu.uca.ma,10,57.9,22,9,59.5,0,11,0,Modéré
ETU049,mehdi.fassi49@etu.uca.ma,11,60.3,55,13,88.1,0,9,0,Modéré
ETU049,mehdi.fassi49@etu.uca.ma,12,60.2,49,25,37.4,1,10,0,Modéré
ETU050,rania.rochdi50@etu.uca.ma,1,39.2,71,11,79.2,2,3,0,Modéré
ETU050,rania.rochdi50@etu.uca.ma,2,37.4,73,22,95.3,2,4,0,À risque
ETU050,rania.rochdi50@etu.uca.ma,3,39.1,48,26,70.2,3,3,0,Modéré
ETU050,rania.rochdi50@etu.uca.ma,4,50.8,39,23,80.7,2,11,0,Modéré
ETU050,rania.rochdi50@etu.uca.ma,5,48.1,95,8,62.5,0,14,0,Modéré
ETU050,rania.rochdi50@etu.uca.ma,6,32.4,94,11,86.1,2,7,0,À risque
ETU050,rania.rochdi50@etu.uca.ma,7,38.4,31,0,89.6,5,11,0,Modéré
ETU050,rania.rochdi50@etu.uca.ma,8,38.3,132,30,73.5,5,2,0,Modéré
ETU050,rania.rochdi50@etu.uca.ma,9,40.0,49,12,58.0,3,5,0,Modéré
ETU050,rania.rochdi50@etu.uca.ma,10,55.0,142,25,59.5,1,2,0,Modéré
ETU050,rania.rochdi50@etu.uca.ma,11,50.3,60,3,59.1,4,8,0,Modéré
ETU050,rania.rochdi50@etu.uca.ma,12,61.7,66,19,56.6,2,10,0,Modéré
ETU051,tarik.ouali51@etu.uca.ma,1,34.9,53,15,94.4,0,7,0,À risque
ETU051,tarik.ouali51@etu.uca.ma,2,29.4,100,0,79.3,5,9,0,À risque
ETU051,tarik.ouali51@etu.uca.ma,3,36.5,164,7,98.5,5,14,0,À risque
ETU051,tarik.ouali51@etu.uca.ma,4,32.2,178,3,60.3,5,4,0,À risque
ETU051,tarik.ouali51@etu.uca.ma,5,36.4,118,4,88.7,4,10,0,À risque
ETU051,tarik.ouali51@etu.uca.ma,6,32.7,60,16,89.4,3,14,0,À risque
ETU051,tarik.ouali51@etu.uca.ma,7,37.0,102,7,53.2,2,1,0,À risque
ETU051,tarik.ouali51@etu.uca.ma,8,36.9,116,12,87.2,0,8,0,À risque
ETU051,tarik.ouali51@etu.uca.ma,9,37.5,42,27,64.9,2,2,0,À risque
ETU051,tarik.ouali51@etu.uca.ma,10,48.7,24,3,58.2,0,9,0,Modéré
ETU051,tarik.ouali51@etu.uca.ma,11,48.3,174,30,73.3,2,9,0,Modéré
ETU051,tarik.ouali51@etu.uca.ma,12,53.5,136,30,53.9,0,14,1,Modéré
ETU052,samira.mekouar52@etu.uca.ma,1,42.5,178,19,63.1,5,6,0,Modéré
ETU052,samira.mekouar52@etu.uca.ma,2,43.1,76,0,53.9,5,13,0,Modéré
ETU052,samira.mekouar52@etu.uca.ma,3,41.9,47,1,92.8,3,3,0,Modéré
ETU052,samira.mekouar52@etu.uca.ma,4,50.4,124,3,47.8,1,4,0,Modéré
ETU052,samira.mekouar52@etu.uca.ma,5,46.3,75,14,87.7,1,12,0,Modéré
ETU052,samira.mekouar52@etu.uca.ma,6,48.3,31,29,74.3,5,10,0,Modéré
ETU052,samira.mekouar52@etu.uca.ma,7,50.2,137,21,71.3,4,3,0,Modéré
ETU052,samira.mekouar52@etu.uca.ma,8,39.0,32,17,95.5,4,8,0,Modéré
ETU052,samira.mekouar52@etu.uca.ma,9,58.6,65,22,70.5,5,14,0,Modéré
ETU052,samira.mekouar52@etu.uca.ma,10,40.2,173,19,91.8,4,7,0,Modéré
ETU052,samira.mekouar52@etu.uca.ma,11,50.5,83,8,57.9,2,5,0,Modéré
ETU052,samira.mekouar52@etu.uca.ma,12,51.0,125,19,79.0,5,9,0,À risque
ETU053,adil.benbrahim53@etu.uca.ma,1,50.0,161,20,45.2,1,10,0,Modéré
ETU053,adil.benbrahim53@etu.uca.ma,2,50.7,53,22,75.5,1,9,0,Modéré
ETU053,adil.benbrahim53@etu.uca.ma,3,49.6,49,24,54.7,3,10,0,Modéré
ETU053,adil.benbrahim53@etu.uca.ma,4,51.2,126,21,82.4,4,5,0,Modéré
ETU053,adil.benbrahim53@etu.uca.ma,5,51.6,23,16,37.5,3,3,0,Modéré
ETU053,adil.benbrahim53@etu.uca.ma,6,37.0,88,24,85.0,2,11,0,À risque
ETU053,adil.benbrahim53@etu.uca.ma,7,54.6,95,6,82.8,0,6,0,Modéré
ETU053,adil.benbrahim53@etu.uca.ma,8,44.0,163,27,45.7,5,9,0,Modéré
ETU053,adil.benbrahim53@etu.uca.ma,9,50.1,93,22,76.5,3,7,0,Modéré
ETU053,adil.benbrahim53@etu.uca.ma,10,59.2,100,30,68.6,0,12,0,Modéré
ETU053,adil.benbrahim53@etu.uca.ma,11,53.4,133,26,45.8,5,12,0,Modéré
ETU053,adil.benbrahim53@etu.uca.ma,12,56.8,170,17,81.7,1,13,0,Modéré
ETU054,loubna.tazi54@etu.uca.ma,1,67.2,39,5,97.4,5,9,0,Modéré
ETU054,loubna.tazi54@etu.uca.ma,2,64.3,91,17,48.5,1,10,0,Modéré
ETU054,loubna.tazi54@etu.uca.ma,3,70.4,139,22,95.6,0,3,0,Engagé
ETU054,loubna.tazi54@etu.uca.ma,4,77.3,180,19,89.0,2,8,0,Engagé
ETU054,loubna.tazi54@etu.uca.ma,5,76.0,38,25,79.5,4,4,0,Engagé
ETU054,loubna.tazi54@etu.uca.ma,6,77.8,149,5,59.1,4,7,0,Engagé
ETU054,loubna.tazi54@etu.uca.ma,7,63.4,74,21,53.2,2,5,0,Modéré
ETU054,loubna.tazi54@etu.uca.ma,8,77.1,155,15,99.8,5,1,0,Engagé
ETU054,loubna.tazi54@etu.uca.ma,9,66.4,81,28,75.0,4,4,0,Modéré
ETU054,loubna.tazi54@etu.uca.ma,10,84.9,102,12,94.1,0,7,0,Engagé
ETU054,loubna.tazi54@etu.uca.ma,11,80.3,26,29,66.2,2,9,0,Engagé
ETU054,loubna.tazi54@etu.uca.ma,12,72.1,31,9,92.9,1,6,0,Engagé
ETU055,hamza.idrissi55@etu.uca.ma,1,62.2,157,17,30.5,0,4,0,Modéré
ETU055,hamza.idrissi55@etu.uca.ma,2,62.6,128,26,37.3,4,14,0,Modéré
ETU055,hamza.idrissi55@etu.uca.ma,3,66.1,131,20,87.2,0,12,0,Modéré
ETU055,hamza.idrissi55@etu.uca.ma,4,56.4,104,1,36.1,0,3,0,Modéré
ETU055,hamza.idrissi55@etu.uca.ma,5,64.6,167,26,45.9,2,7,0,Modéré
ETU055,hamza.idrissi55@etu.uca.ma,6,62.5,130,10,31.2,5,2,0,Modéré
ETU055,hamza.idrissi55@etu.uca.ma,7,65.1,178,2,82.9,4,1,0,Modéré
ETU055,hamza.idrissi55@etu.uca.ma,8,54.0,148,3,50.3,5,5,0,Modéré
ETU055,hamza.idrissi55@etu.uca.ma,9,57.9,132,12,57.7,5,1,0,Modéré
ETU055,hamza.idrissi55@etu.uca.ma,10,64.0,54,23,57.4,4,5,0,Modéré
ETU055,hamza.idrissi55@etu.uca.ma,11,56.6,115,30,96.5,4,14,0,Modéré
ETU055,hamza.idrissi55@etu.uca.ma,12,64.5,21,18,71.8,4,9,0,À risque
ETU056,zineb.hajji56@etu.uca.ma,1,81.4,108,6,58.9,5,14,0,Engagé
ETU056,zineb.hajji56@etu.uca.ma,2,81.2,76,19,88.4,1,2,0,Engagé
ETU056,zineb.hajji56@etu.uca.ma,3,83.1,33,27,82.6,4,8,0,Engagé
ETU056,zineb.hajji56@etu.uca.ma,4,80.4,37,8,36.9,5,10,0,Engagé
ETU056,zineb.hajji56@etu.uca.ma,5,81.9,52,21,75.9,0,5,0,Engagé
ETU056,zineb.hajji56@etu.uca.ma,6,93.5,101,15,61.5,4,11,0,Engagé
ETU056,zineb.hajji56@etu.uca.ma,7,85.4,164,18,55.5,2,7,0,Engagé
ETU056,zineb.hajji56@etu.uca.ma,8,78.3,76,22,81.8,3,5,0,Engagé
ETU056,zineb.hajji56@etu.uca.ma,9,80.1,104,28,63.6,3,6,0,Engagé
ETU056,zineb.hajji56@etu.uca.ma,10,89.4,47,5,75.2,0,14,0,Engagé
ETU056,zineb.hajji56@etu.uca.ma,11,96.2,157,6,48.4,5,2,0,Engagé
ETU056,zineb.hajji56@etu.uca.ma,12,81.9,149,20,32.2,4,10,0,Engagé
ETU057,khalid.ziani57@etu.uca.ma,1,54.9,161,8,68.0,4,8,0,Modéré
ETU057,khalid.ziani57@etu.uca.ma,2,52.7,120,7,92.4,4,12,0,Modéré
ETU057,khalid.ziani57@etu.uca.ma,3,54.1,148,16,36.3,2,9,0,Modéré
ETU057,khalid.ziani57@etu.uca.ma,4,46.3,177,21,41.6,4,3,0,Modéré
ETU057,khalid.ziani57@etu.uca.ma,5,49.4,164,21,91.1,1,12,0,Modéré
ETU057,khalid.ziani57@etu.uca.ma,6,65.5,30,7,83.3,1,2,0,Modéré
ETU057,khalid.ziani57@etu.uca.ma,7,47.8,72,16,93.5,2,7,0,Modéré
ETU057,khalid.ziani57@etu.uca.ma,8,54.9,31,1,98.6,2,2,0,Modéré
ETU057,khalid.ziani57@etu.uca.ma,9,59.4,90,26,81.9,4,9,0,Modéré
ETU057,khalid.ziani57@etu.uca.ma,10,54.3,116,11,71.1,0,9,0,Modéré
ETU057,khalid.ziani57@etu.uca.ma,11,70.9,77,16,58.4,2,8,0,Engagé
ETU057,khalid.ziani57@etu.uca.ma,12,75.3,21,16,91.7,3,3,0,Engagé
ETU058,imane.benali58@etu.uca.ma,1,42.6,58,5,41.0,4,12,0,Modéré
ETU058,imane.benali58@etu.uca.ma,2,47.8,126,25,53.1,0,8,0,Modéré
ETU058,imane.benali58@etu.uca.ma,3,45.7,171,5,75.3,3,1,0,Modéré
ETU058,imane.benali58@etu.uca.ma,4,37.6,171,5,39.4,4,1,0,À risque
ETU058,imane.benali58@etu.uca.ma,5,43.8,62,8,94.6,4,7,0,Modéré
ETU058,imane.benali58@etu.uca.ma,6,47.8,24,28,80.4,5,14,0,Modéré
ETU058,imane.benali58@etu.uca.ma,7,35.3,134,19,99.5,3,3,0,À risque
ETU058,imane.benali58@etu.uca.ma,8,41.7,56,25,70.8,1,10,0,Modéré
ETU058,imane.benali58@etu.uca.ma,9,42.4,107,29,61.7,4,2,0,Modéré
ETU058,imane.benali58@etu.uca.ma,10,41.5,47,0,44.2,4,11,0,Modéré
ETU058,imane.benali58@etu.uca.ma,11,35.8,44,5,63.3,4,10,0,À risque
ETU058,imane.benali58@etu.uca.ma,12,66.5,148,24,38.2,3,11,0,Modéré
ETU059,sami.fassi59@etu.uca.ma,1,39.7,130,16,59.4,0,12,0,Modéré
ETU059,sami.fassi59@etu.uca.ma,2,36.8,143,25,83.8,2,10,0,À risque
ETU059,sami.fassi59@etu.uca.ma,3,45.4,167,3,59.8,2,8,0,Modéré
ETU059,sami.fassi59@etu.uca.ma,4,46.7,41,9,71.9,4,7,0,Modéré
ETU059,sami.fassi59@etu.uca.ma,5,29.8,21,18,66.6,4,1,0,À risque
ETU059,sami.fassi59@etu.uca.ma,6,33.6,100,13,55.4,1,7,0,À risque
ETU059,sami.fassi59@etu.uca.ma,7,37.0,157,13,69.5,4,5,0,À risque
ETU059,sami.fassi59@etu.uca.ma,8,43.6,72,13,68.6,4,8,0,Modéré
ETU059,sami.fassi59@etu.uca.ma,9,40.1,143,8,99.2,4,6,0,Modéré
ETU059,sami.fassi59@etu.uca.ma,10,41.9,55,27,90.5,0,12,0,Modéré
ETU059,sami.fassi59@etu.uca.ma,11,49.3,61,3,45.0,3,13,0,Modéré
ETU059,sami.fassi59@etu.uca.ma,12,51.0,33,5,57.2,5,1,1,Modéré
ETU060,douae.rochdi60@etu.uca.ma,1,77.9,173,13,36.2,2,4,0,Engagé
ETU060,douae.rochdi60@etu.uca.ma,2,74.6,118,29,98.9,4,11,0,Engagé
ETU060,douae.rochdi60@etu.uca.ma,3,77.9,172,1,96.2,1,11,0,Engagé
ETU060,douae.rochdi60@etu.uca.ma,4,70.3,152,9,43.6,4,9,0,Engagé
ETU060,douae.rochdi60@etu.uca.ma,5,72.9,63,21,32.5,1,11,0,Engagé
ETU060,douae.rochdi60@etu.uca.ma,6,66.1,90,24,58.0,5,7,0,Modéré
ETU060,douae.rochdi60@etu.uca.ma,7,70.5,23,23,79.3,0,9,0,Engagé
ETU060,douae.rochdi60@etu.uca.ma,8,84.0,169,11,54.3,2,4,0,Engagé
ETU060,douae.rochdi60@etu.uca.ma,9,71.6,123,18,30.3,1,7,0,Engagé
ETU060,douae.rochdi60@etu.uca.ma,10,81.1,148,9,53.8,0,13,0,Engagé
ETU060,douae.rochdi60@etu.uca.ma,11,71.9,157,26,85.5,2,12,0,Engagé
ETU060,douae.rochdi60@etu.uca.ma,12,60.1,143,24,47.0,2,13,0,Modéré
